Genome,Ave_fit,Std_fit,Sum_fit,Ave_thr,Std_thr,Seed,Num_Learning,Num_Mating
"[1, 1, 0]",7.196679456587857,7.7399128421588514,-0.5432333855709945,6.395695979783259,2.3008010062188142,84125,2,1
"[1, 1, 1]",0.0,0.0,0.0,6.378504854434388,2.14686741039095,74919,3,0
"[1, 0, 0]",14.626093018750138,12.759966335645146,1.8661266831049925,6.561071129797582,2.269370537482096,74100,1,2
"[1, 0, 1]",6.12047820791477,7.35965068356021,-1.2391724756454394,6.4410662550606395,2.219347117142512,58705,2,1
