Genome,Ave_fit,Std_fit,Sum_fit,Ave_thr,Std_thr,Seed,Num_Learning,Num_Mating
"[1, 1, 0]",11.917628634471091,13.372612559155817,-1.4549839246847256,10.379644130675072,3.9558245887057466,61294,2,1
"[1, 1, 1]",0.0,0.0,0.0,10.081084716057962,3.897038135091672,8770,3,0
"[1, 0, 0]",24.822925500890552,20.800526140511696,4.022399360378856,9.9125145117722,3.6737052242358024,20586,1,2
"[1, 0, 1]",10.282296406291172,12.57361156357847,-2.2913151572872987,10.07486484544352,3.808156973204565,71796,2,1
