Genome,Ave_fit,Std_fit,Sum_fit,Ave_thr,Std_thr,Seed,Num_Learning,Num_Mating
"[1, 1, 0]",3.956430850422975,4.327542245630246,-0.3711113952072713,5.043535131399888,0.5885282373359317,73168,2,1
"[1, 1, 1]",0.0,0.0,0.0,5.00267268207679,0.5574633124754912,85698,3,0
"[1, 0, 0]",9.189508974217368,7.498574668104417,1.6909343061129514,4.997312010689438,0.5700739313838831,54011,1,2
"[1, 0, 1]",4.126660023325033,4.162392193120011,-0.0357321697949784,4.987270793309224,0.5559787056089889,23624,2,1
