Genome,Ave_fit,Std_fit,Sum_fit,Ave_thr,Std_thr,Seed,Num_Learning,Num_Mating
"[1, 1, 0]",2.1869147257480797,2.5594767541460155,-0.37256202839793584,6.54199838697897,2.304087305696947,83764,2,1
"[1, 1, 1]",0.0,0.0,0.0,6.4221792421715325,2.2955715748263894,78899,3,0
"[1, 0, 0]",4.068011816998059,2.855597048269332,1.2124147687287268,6.578515373811392,2.2405898825376,16893,1,2
"[1, 0, 1]",2.1199282912768744,2.460041885233975,-0.3401135939571005,6.528917900666217,2.3453375058154915,50786,2,1
