Genome,Ave_fit,Std_fit,Sum_fit,Ave_thr,Std_thr,Seed,Num_Learning,Num_Mating
"[1, 1, 0]",3.583442961855029,4.2540685404477845,-0.6706255785927553,9.930519967625271,4.0333901722542125,9348,2,1
"[1, 1, 1]",0.0,0.0,0.0,9.691984511953082,3.913593839144649,14210,3,0
"[1, 0, 0]",6.3593328611641935,4.84739574016736,1.5119371209968335,10.140240001117771,3.957255749026227,56913,1,2
"[1, 0, 1]",3.464564879467414,4.2802744993156745,-0.8157096198482603,9.954738968975606,4.129030795666822,97660,2,1
