Genome,Ave_fit,Std_fit,Sum_fit,Ave_thr,Std_thr,Seed,Num_Learning,Num_Mating
"[1, 1, 0]",1.4831334556983693,1.4557383954398124,0.02739506025855687,5.035977601662329,0.5747686447245538,47111,2,1
"[1, 1, 1]",0.0,0.0,0.0,4.98797730446316,0.562804360757415,23764,3,0
"[1, 0, 0]",2.506450338034907,1.553839225740322,0.9526111122945848,4.992589451748916,0.5596018434672849,10031,1,2
"[1, 0, 1]",1.4348794991545006,1.4317371529994811,0.0031423461550195153,5.035391763330676,0.5587029187123772,21772,2,1
