Generation,Ave_Fitness,Std_Fitness,Ave_Threshold,Std_Threhold
0,4.79517482531065,3.4203154658493555,6.5426384891028,0.38585160289406517
1,7.537630206828182,0.9596997783577407,6.976211230982372,0.024361506175158115
2,5.915648643107457,1.538521770224377,6.993689048691156,0.041080082522472305
3,6.423129437265801,0.9671993735037502,6.931659895626452,0.05662043301048399
4,7.552147925726945,1.163154918338444,7.032225335507153,0.04187236966953912
5,6.938468079521833,1.8599775333484074,7.133020822418985,0.0932436508799617
